Teacher_ID,Teacher_Name,Email,Department_ID,Title,Employee_ID,Preferred_Days,Preferred_Times,Max_Consecutive_Hours,Max_Daily_Hours,Max_Weekly_Hours,Preferred_Buildings,Max_Class_Size,Max_Travel_Time_Minutes,Setup_Time_Minutes,Cleanup_Time_Minutes,Vacation_Periods,Conference_Dates,Personal_Days
prof_johnson,Dr. Sarah Johnson,sjohnson@university.edu,cs,Professor,CS001,"Monday,Wednesday,Friday","Monday: 09:00-12:00,14:00-16:00;Wednesday: 09:00-12:00;Friday: 09:00-12:00",3,6,18,"engineering,science",50,25,20,15,"2024-03-10 to 2024-03-17:Spring Break;2024-06-01 to 2024-08-15:Summer Research","2024-04-15 to 2024-04-18:ACM Conference","2024-02-14"
prof_chen,Dr. Michael Chen,mchen@university.edu,math,Associate Professor,MATH002,"Tuesday,Thursday","Tuesday: 10:00-14:00;Thursday: 10:00-14:00",2,4,8,science,40,30,5,5,"","2024-10-05 to 2024-10-08:Mathematics Conference",""
prof_williams,Dr. Emily Williams,ewilliams@university.edu,physics,Professor,PHYS003,"Monday,Tuesday,Wednesday,Thursday,Friday","Monday: 08:00-11:00;Wednesday: 08:00-11:00;Friday: 08:00-11:00",4,8,20,"science,engineering",60,15,15,10,"2024-01-15 to 2024-01-19:Winter Break;2024-07-01 to 2024-07-31:Research Leave","",""
prof_davis,Dr. Robert Davis,rdavis@university.edu,chemistry,Lecturer,CHEM004,"Tuesday,Thursday","Tuesday: 13:00-17:00;Thursday: 13:00-17:00",3,6,12,science,35,20,10,10,"","2024-05-20 to 2024-05-25:ACS Conference","2024-03-08,2024-04-12"
prof_martinez,Dr. Laura Martinez,lmartinez@university.edu,biology,Assistant Professor,BIO005,"Monday,Wednesday,Friday","Monday: 10:00-13:00;Wednesday: 10:00-13:00;Friday: 10:00-13:00",3,6,15,science,45,25,25,15,"2024-06-10 to 2024-06-15:Field Research","2024-03-01 to 2024-03-03:Biology Symposium",""